sample-id	forward-absolute-filepath	reverse-absolute-filepath
1T0	$PWD/../data/Blactam_16s_data/210616ChiA/D21-217001-5164T/210616ChiA_D21-217001_1_sequence.fastq	$PWD/../data/Blactam_16s_data/210616ChiA/D21-217001-5164T/210616ChiA_D21-217001_2_sequence.fastq
2T0	$PWD/../data/Blactam_16s_data/210616ChiA/D21-217002-5164T/210616ChiA_D21-217002_1_sequence.fastq	$PWD/../data/Blactam_16s_data/210616ChiA/D21-217002-5164T/210616ChiA_D21-217002_2_sequence.fastq
3T0	$PWD/../data/Blactam_16s_data/210616ChiA/D21-217003-5164T/210616ChiA_D21-217003_1_sequence.fastq	$PWD/../data/Blactam_16s_data/210616ChiA/D21-217003-5164T/210616ChiA_D21-217003_2_sequence.fastq
4T0	$PWD/../data/Blactam_16s_data/210616ChiA/D21-217004-5164T/210616ChiA_D21-217004_1_sequence.fastq	$PWD/../data/Blactam_16s_data/210616ChiA/D21-217004-5164T/210616ChiA_D21-217004_2_sequence.fastq
5T0	$PWD/../data/Blactam_16s_data/210616ChiA/D21-217005-5164T/210616ChiA_D21-217005_1_sequence.fastq	$PWD/../data/Blactam_16s_data/210616ChiA/D21-217005-5164T/210616ChiA_D21-217005_2_sequence.fastq
6T0	$PWD/../data/Blactam_16s_data/210616ChiA/D21-217006-5164T/210616ChiA_D21-217006_1_sequence.fastq	$PWD/../data/Blactam_16s_data/210616ChiA/D21-217006-5164T/210616ChiA_D21-217006_2_sequence.fastq
7T0	$PWD/../data/Blactam_16s_data/210616ChiA/D21-217007-5164T/210616ChiA_D21-217007_1_sequence.fastq	$PWD/../data/Blactam_16s_data/210616ChiA/D21-217007-5164T/210616ChiA_D21-217007_2_sequence.fastq
8T0	$PWD/../data/Blactam_16s_data/210616ChiA/D21-217008-5164T/210616ChiA_D21-217008_1_sequence.fastq	$PWD/../data/Blactam_16s_data/210616ChiA/D21-217008-5164T/210616ChiA_D21-217008_2_sequence.fastq
9T0	$PWD/../data/Blactam_16s_data/210616ChiA/D21-217009-5164T/210616ChiA_D21-217009_1_sequence.fastq	$PWD/../data/Blactam_16s_data/210616ChiA/D21-217009-5164T/210616ChiA_D21-217009_2_sequence.fastq
10T0	$PWD/../data/Blactam_16s_data/210616ChiA/D21-217010-5164T/210616ChiA_D21-217010_1_sequence.fastq	$PWD/../data/Blactam_16s_data/210616ChiA/D21-217010-5164T/210616ChiA_D21-217010_2_sequence.fastq
11T0	$PWD/../data/Blactam_16s_data/210616ChiA/D21-217011-5164T/210616ChiA_D21-217011_1_sequence.fastq	$PWD/../data/Blactam_16s_data/210616ChiA/D21-217011-5164T/210616ChiA_D21-217011_2_sequence.fastq
12T0	$PWD/../data/Blactam_16s_data/210616ChiA/D21-217012-5164T/210616ChiA_D21-217012_1_sequence.fastq	$PWD/../data/Blactam_16s_data/210616ChiA/D21-217012-5164T/210616ChiA_D21-217012_2_sequence.fastq
13T0	$PWD/../data/Blactam_16s_data/210616ChiA/D21-217013-5164T/210616ChiA_D21-217013_1_sequence.fastq	$PWD/../data/Blactam_16s_data/210616ChiA/D21-217013-5164T/210616ChiA_D21-217013_2_sequence.fastq
14T0	$PWD/../data/Blactam_16s_data/210616ChiA/D21-217014-5164T/210616ChiA_D21-217014_1_sequence.fastq	$PWD/../data/Blactam_16s_data/210616ChiA/D21-217014-5164T/210616ChiA_D21-217014_2_sequence.fastq
15T0	$PWD/../data/Blactam_16s_data/210616ChiA/D21-217015-5164T/210616ChiA_D21-217015_1_sequence.fastq	$PWD/../data/Blactam_16s_data/210616ChiA/D21-217015-5164T/210616ChiA_D21-217015_2_sequence.fastq
16T0	$PWD/../data/Blactam_16s_data/210616ChiA/D21-217016-5164T/210616ChiA_D21-217016_1_sequence.fastq	$PWD/../data/Blactam_16s_data/210616ChiA/D21-217016-5164T/210616ChiA_D21-217016_2_sequence.fastq
17T0	$PWD/../data/Blactam_16s_data/210616ChiA/D21-217017-5164T/210616ChiA_D21-217017_1_sequence.fastq	$PWD/../data/Blactam_16s_data/210616ChiA/D21-217017-5164T/210616ChiA_D21-217017_2_sequence.fastq
18T0	$PWD/../data/Blactam_16s_data/210616ChiA/D21-217018-5164T/210616ChiA_D21-217018_1_sequence.fastq	$PWD/../data/Blactam_16s_data/210616ChiA/D21-217018-5164T/210616ChiA_D21-217018_2_sequence.fastq
19T0	$PWD/../data/Blactam_16s_data/210616ChiA/D21-217019-5164T/210616ChiA_D21-217019_1_sequence.fastq	$PWD/../data/Blactam_16s_data/210616ChiA/D21-217019-5164T/210616ChiA_D21-217019_2_sequence.fastq
20T0	$PWD/../data/Blactam_16s_data/210616ChiA/D21-217020-5164T/210616ChiA_D21-217020_1_sequence.fastq	$PWD/../data/Blactam_16s_data/210616ChiA/D21-217020-5164T/210616ChiA_D21-217020_2_sequence.fastq
1T1	$PWD/../data/Blactam_16s_data/210616ChiA/D21-217021-5164T/210616ChiA_D21-217021_1_sequence.fastq	$PWD/../data/Blactam_16s_data/210616ChiA/D21-217021-5164T/210616ChiA_D21-217021_2_sequence.fastq
2T1	$PWD/../data/Blactam_16s_data/210616ChiA/D21-217022-5164T/210616ChiA_D21-217022_1_sequence.fastq	$PWD/../data/Blactam_16s_data/210616ChiA/D21-217022-5164T/210616ChiA_D21-217022_2_sequence.fastq
3T1	$PWD/../data/Blactam_16s_data/210616ChiA/D21-217023-5164T/210616ChiA_D21-217023_1_sequence.fastq	$PWD/../data/Blactam_16s_data/210616ChiA/D21-217023-5164T/210616ChiA_D21-217023_2_sequence.fastq
4T1	$PWD/../data/Blactam_16s_data/210616ChiA/D21-217024-5164T/210616ChiA_D21-217024_1_sequence.fastq	$PWD/../data/Blactam_16s_data/210616ChiA/D21-217024-5164T/210616ChiA_D21-217024_2_sequence.fastq
5T1	$PWD/../data/Blactam_16s_data/210616ChiA/D21-217025-5164T/210616ChiA_D21-217025_1_sequence.fastq	$PWD/../data/Blactam_16s_data/210616ChiA/D21-217025-5164T/210616ChiA_D21-217025_2_sequence.fastq
6T1	$PWD/../data/Blactam_16s_data/210616ChiA/D21-217026-5164T/210616ChiA_D21-217026_1_sequence.fastq	$PWD/../data/Blactam_16s_data/210616ChiA/D21-217026-5164T/210616ChiA_D21-217026_2_sequence.fastq
7T1	$PWD/../data/Blactam_16s_data/210616ChiA/D21-217027-5164T/210616ChiA_D21-217027_1_sequence.fastq	$PWD/../data/Blactam_16s_data/210616ChiA/D21-217027-5164T/210616ChiA_D21-217027_2_sequence.fastq
8T1	$PWD/../data/Blactam_16s_data/210616ChiA/D21-217028-5164T/210616ChiA_D21-217028_1_sequence.fastq	$PWD/../data/Blactam_16s_data/210616ChiA/D21-217028-5164T/210616ChiA_D21-217028_2_sequence.fastq
9T1	$PWD/../data/Blactam_16s_data/210616ChiA/D21-217029-5164T/210616ChiA_D21-217029_1_sequence.fastq	$PWD/../data/Blactam_16s_data/210616ChiA/D21-217029-5164T/210616ChiA_D21-217029_2_sequence.fastq
10T1	$PWD/../data/Blactam_16s_data/210616ChiA/D21-217030-5164T/210616ChiA_D21-217030_1_sequence.fastq	$PWD/../data/Blactam_16s_data/210616ChiA/D21-217030-5164T/210616ChiA_D21-217030_2_sequence.fastq
11T1	$PWD/../data/Blactam_16s_data/210616ChiA/D21-217031-5164T/210616ChiA_D21-217031_1_sequence.fastq	$PWD/../data/Blactam_16s_data/210616ChiA/D21-217031-5164T/210616ChiA_D21-217031_2_sequence.fastq
12T1	$PWD/../data/Blactam_16s_data/210616ChiA/D21-217032-5164T/210616ChiA_D21-217032_1_sequence.fastq	$PWD/../data/Blactam_16s_data/210616ChiA/D21-217032-5164T/210616ChiA_D21-217032_2_sequence.fastq
13T1	$PWD/../data/Blactam_16s_data/210616ChiA/D21-217033-5164T/210616ChiA_D21-217033_1_sequence.fastq	$PWD/../data/Blactam_16s_data/210616ChiA/D21-217033-5164T/210616ChiA_D21-217033_2_sequence.fastq
14T1	$PWD/../data/Blactam_16s_data/210616ChiA/D21-217034-5164T/210616ChiA_D21-217034_1_sequence.fastq	$PWD/../data/Blactam_16s_data/210616ChiA/D21-217034-5164T/210616ChiA_D21-217034_2_sequence.fastq
15T1	$PWD/../data/Blactam_16s_data/210616ChiA/D21-217035-5164T/210616ChiA_D21-217035_1_sequence.fastq	$PWD/../data/Blactam_16s_data/210616ChiA/D21-217035-5164T/210616ChiA_D21-217035_2_sequence.fastq
16T1	$PWD/../data/Blactam_16s_data/210616ChiA/D21-217036-5164T/210616ChiA_D21-217036_1_sequence.fastq	$PWD/../data/Blactam_16s_data/210616ChiA/D21-217036-5164T/210616ChiA_D21-217036_2_sequence.fastq
17T1	$PWD/../data/Blactam_16s_data/210616ChiA/D21-217037-5164T/210616ChiA_D21-217037_1_sequence.fastq	$PWD/../data/Blactam_16s_data/210616ChiA/D21-217037-5164T/210616ChiA_D21-217037_2_sequence.fastq
18T1	$PWD/../data/Blactam_16s_data/210616ChiA/D21-217038-5164T/210616ChiA_D21-217038_1_sequence.fastq	$PWD/../data/Blactam_16s_data/210616ChiA/D21-217038-5164T/210616ChiA_D21-217038_2_sequence.fastq
19T1	$PWD/../data/Blactam_16s_data/210616ChiA/D21-217039-5164T/210616ChiA_D21-217039_1_sequence.fastq	$PWD/../data/Blactam_16s_data/210616ChiA/D21-217039-5164T/210616ChiA_D21-217039_2_sequence.fastq
20T1	$PWD/../data/Blactam_16s_data/210616ChiA/D21-217040-5164T/210616ChiA_D21-217040_1_sequence.fastq	$PWD/../data/Blactam_16s_data/210616ChiA/D21-217040-5164T/210616ChiA_D21-217040_2_sequence.fastq
1T2	$PWD/../data/Blactam_16s_data/210616ChiA/D21-217041-5164T/210616ChiA_D21-217041_1_sequence.fastq	$PWD/../data/Blactam_16s_data/210616ChiA/D21-217041-5164T/210616ChiA_D21-217041_2_sequence.fastq
2T2	$PWD/../data/Blactam_16s_data/210616ChiA/D21-217042-5164T/210616ChiA_D21-217042_1_sequence.fastq	$PWD/../data/Blactam_16s_data/210616ChiA/D21-217042-5164T/210616ChiA_D21-217042_2_sequence.fastq
3T2	$PWD/../data/Blactam_16s_data/210616ChiA/D21-217043-5164T/210616ChiA_D21-217043_1_sequence.fastq	$PWD/../data/Blactam_16s_data/210616ChiA/D21-217043-5164T/210616ChiA_D21-217043_2_sequence.fastq
4T2	$PWD/../data/Blactam_16s_data/210616ChiA/D21-217044-5164T/210616ChiA_D21-217044_1_sequence.fastq	$PWD/../data/Blactam_16s_data/210616ChiA/D21-217044-5164T/210616ChiA_D21-217044_2_sequence.fastq
5T2	$PWD/../data/Blactam_16s_data/210616ChiA/D21-217045-5164T/210616ChiA_D21-217045_1_sequence.fastq	$PWD/../data/Blactam_16s_data/210616ChiA/D21-217045-5164T/210616ChiA_D21-217045_2_sequence.fastq
6T2	$PWD/../data/Blactam_16s_data/210616ChiA/D21-217046-5164T/210616ChiA_D21-217046_1_sequence.fastq	$PWD/../data/Blactam_16s_data/210616ChiA/D21-217046-5164T/210616ChiA_D21-217046_2_sequence.fastq
7T2	$PWD/../data/Blactam_16s_data/210616ChiA/D21-217047-5164T/210616ChiA_D21-217047_1_sequence.fastq	$PWD/../data/Blactam_16s_data/210616ChiA/D21-217047-5164T/210616ChiA_D21-217047_2_sequence.fastq
8T2	$PWD/../data/Blactam_16s_data/210616ChiA/D21-217048-5164T/210616ChiA_D21-217048_1_sequence.fastq	$PWD/../data/Blactam_16s_data/210616ChiA/D21-217048-5164T/210616ChiA_D21-217048_2_sequence.fastq
9T2	$PWD/../data/Blactam_16s_data/210616ChiA/D21-217049-5164T/210616ChiA_D21-217049_1_sequence.fastq	$PWD/../data/Blactam_16s_data/210616ChiA/D21-217049-5164T/210616ChiA_D21-217049_2_sequence.fastq
10T2	$PWD/../data/Blactam_16s_data/210616ChiA/D21-217050-5164T/210616ChiA_D21-217050_1_sequence.fastq	$PWD/../data/Blactam_16s_data/210616ChiA/D21-217050-5164T/210616ChiA_D21-217050_2_sequence.fastq
11T2	$PWD/../data/Blactam_16s_data/210616ChiA/D21-217051-5164T/210616ChiA_D21-217051_1_sequence.fastq	$PWD/../data/Blactam_16s_data/210616ChiA/D21-217051-5164T/210616ChiA_D21-217051_2_sequence.fastq
12T2	$PWD/../data/Blactam_16s_data/210616ChiA/D21-217052-5164T/210616ChiA_D21-217052_1_sequence.fastq	$PWD/../data/Blactam_16s_data/210616ChiA/D21-217052-5164T/210616ChiA_D21-217052_2_sequence.fastq
13T2	$PWD/../data/Blactam_16s_data/210616ChiA/D21-217053-5164T/210616ChiA_D21-217053_1_sequence.fastq	$PWD/../data/Blactam_16s_data/210616ChiA/D21-217053-5164T/210616ChiA_D21-217053_2_sequence.fastq
14T2	$PWD/../data/Blactam_16s_data/210616ChiA/D21-217054-5164T/210616ChiA_D21-217054_1_sequence.fastq	$PWD/../data/Blactam_16s_data/210616ChiA/D21-217054-5164T/210616ChiA_D21-217054_2_sequence.fastq
15T2	$PWD/../data/Blactam_16s_data/210616ChiA/D21-217055-5164T/210616ChiA_D21-217055_1_sequence.fastq	$PWD/../data/Blactam_16s_data/210616ChiA/D21-217055-5164T/210616ChiA_D21-217055_2_sequence.fastq
16T2	$PWD/../data/Blactam_16s_data/210616ChiA/D21-217056-5164T/210616ChiA_D21-217056_1_sequence.fastq	$PWD/../data/Blactam_16s_data/210616ChiA/D21-217056-5164T/210616ChiA_D21-217056_2_sequence.fastq
17T2	$PWD/../data/Blactam_16s_data/210616ChiA/D21-217057-5164T/210616ChiA_D21-217057_1_sequence.fastq	$PWD/../data/Blactam_16s_data/210616ChiA/D21-217057-5164T/210616ChiA_D21-217057_2_sequence.fastq
18T2	$PWD/../data/Blactam_16s_data/210616ChiA/D21-217058-5164T/210616ChiA_D21-217058_1_sequence.fastq	$PWD/../data/Blactam_16s_data/210616ChiA/D21-217058-5164T/210616ChiA_D21-217058_2_sequence.fastq
19T2	$PWD/../data/Blactam_16s_data/210616ChiA/D21-217059-5164T/210616ChiA_D21-217059_1_sequence.fastq	$PWD/../data/Blactam_16s_data/210616ChiA/D21-217059-5164T/210616ChiA_D21-217059_2_sequence.fastq
20T2	$PWD/../data/Blactam_16s_data/210616ChiA/D21-217060-5164T/210616ChiA_D21-217060_1_sequence.fastq	$PWD/../data/Blactam_16s_data/210616ChiA/D21-217060-5164T/210616ChiA_D21-217060_2_sequence.fastq
1T3	$PWD/../data/Blactam_16s_data/210616ChiA/D21-217061-5164T/210616ChiA_D21-217061_1_sequence.fastq	$PWD/../data/Blactam_16s_data/210616ChiA/D21-217061-5164T/210616ChiA_D21-217061_2_sequence.fastq
2T3	$PWD/../data/Blactam_16s_data/210616ChiA/D21-217062-5164T/210616ChiA_D21-217062_1_sequence.fastq	$PWD/../data/Blactam_16s_data/210616ChiA/D21-217062-5164T/210616ChiA_D21-217062_2_sequence.fastq
4T3	$PWD/../data/Blactam_16s_data/210616ChiA/D21-217063-5164T/210616ChiA_D21-217063_1_sequence.fastq	$PWD/../data/Blactam_16s_data/210616ChiA/D21-217063-5164T/210616ChiA_D21-217063_2_sequence.fastq
5T3	$PWD/../data/Blactam_16s_data/210616ChiA/D21-217064-5164T/210616ChiA_D21-217064_1_sequence.fastq	$PWD/../data/Blactam_16s_data/210616ChiA/D21-217064-5164T/210616ChiA_D21-217064_2_sequence.fastq
6T3	$PWD/../data/Blactam_16s_data/210616ChiA/D21-217065-5164T/210616ChiA_D21-217065_1_sequence.fastq	$PWD/../data/Blactam_16s_data/210616ChiA/D21-217065-5164T/210616ChiA_D21-217065_2_sequence.fastq
7T3	$PWD/../data/Blactam_16s_data/210616ChiA/D21-217066-5164T/210616ChiA_D21-217066_1_sequence.fastq	$PWD/../data/Blactam_16s_data/210616ChiA/D21-217066-5164T/210616ChiA_D21-217066_2_sequence.fastq
9T3	$PWD/../data/Blactam_16s_data/210616ChiA/D21-217067-5164T/210616ChiA_D21-217067_1_sequence.fastq	$PWD/../data/Blactam_16s_data/210616ChiA/D21-217067-5164T/210616ChiA_D21-217067_2_sequence.fastq
10T3	$PWD/../data/Blactam_16s_data/210616ChiA/D21-217068-5164T/210616ChiA_D21-217068_1_sequence.fastq	$PWD/../data/Blactam_16s_data/210616ChiA/D21-217068-5164T/210616ChiA_D21-217068_2_sequence.fastq
11T3	$PWD/../data/Blactam_16s_data/210616ChiA/D21-217069-5164T/210616ChiA_D21-217069_1_sequence.fastq	$PWD/../data/Blactam_16s_data/210616ChiA/D21-217069-5164T/210616ChiA_D21-217069_2_sequence.fastq
12T3	$PWD/../data/Blactam_16s_data/210616ChiA/D21-217070-5164T/210616ChiA_D21-217070_1_sequence.fastq	$PWD/../data/Blactam_16s_data/210616ChiA/D21-217070-5164T/210616ChiA_D21-217070_2_sequence.fastq
13T3	$PWD/../data/Blactam_16s_data/210616ChiA/D21-217071-5164T/210616ChiA_D21-217071_1_sequence.fastq	$PWD/../data/Blactam_16s_data/210616ChiA/D21-217071-5164T/210616ChiA_D21-217071_2_sequence.fastq
14T3	$PWD/../data/Blactam_16s_data/210616ChiA/D21-217072-5164T/210616ChiA_D21-217072_1_sequence.fastq	$PWD/../data/Blactam_16s_data/210616ChiA/D21-217072-5164T/210616ChiA_D21-217072_2_sequence.fastq
15T3	$PWD/../data/Blactam_16s_data/210616ChiA/D21-217073-5164T/210616ChiA_D21-217073_1_sequence.fastq	$PWD/../data/Blactam_16s_data/210616ChiA/D21-217073-5164T/210616ChiA_D21-217073_2_sequence.fastq
16T3	$PWD/../data/Blactam_16s_data/210616ChiA/D21-217074-5164T/210616ChiA_D21-217074_1_sequence.fastq	$PWD/../data/Blactam_16s_data/210616ChiA/D21-217074-5164T/210616ChiA_D21-217074_2_sequence.fastq
17T3	$PWD/../data/Blactam_16s_data/210616ChiA/D21-217075-5164T/210616ChiA_D21-217075_1_sequence.fastq	$PWD/../data/Blactam_16s_data/210616ChiA/D21-217075-5164T/210616ChiA_D21-217075_2_sequence.fastq
18T3	$PWD/../data/Blactam_16s_data/210616ChiA/D21-217076-5164T/210616ChiA_D21-217076_1_sequence.fastq	$PWD/../data/Blactam_16s_data/210616ChiA/D21-217076-5164T/210616ChiA_D21-217076_2_sequence.fastq
19T3	$PWD/../data/Blactam_16s_data/210616ChiA/D21-217077-5164T/210616ChiA_D21-217077_1_sequence.fastq	$PWD/../data/Blactam_16s_data/210616ChiA/D21-217077-5164T/210616ChiA_D21-217077_2_sequence.fastq
20T3	$PWD/../data/Blactam_16s_data/210616ChiA/D21-217078-5164T/210616ChiA_D21-217078_1_sequence.fastq	$PWD/../data/Blactam_16s_data/210616ChiA/D21-217078-5164T/210616ChiA_D21-217078_2_sequence.fastq
1T5	$PWD/../data/Blactam_16s_data/210616ChiA/D21-217079-5164T/210616ChiA_D21-217079_1_sequence.fastq	$PWD/../data/Blactam_16s_data/210616ChiA/D21-217079-5164T/210616ChiA_D21-217079_2_sequence.fastq
2T5	$PWD/../data/Blactam_16s_data/210616ChiA/D21-217080-5164T/210616ChiA_D21-217080_1_sequence.fastq	$PWD/../data/Blactam_16s_data/210616ChiA/D21-217080-5164T/210616ChiA_D21-217080_2_sequence.fastq
4T5	$PWD/../data/Blactam_16s_data/210616ChiA/D21-217081-5164T/210616ChiA_D21-217081_1_sequence.fastq	$PWD/../data/Blactam_16s_data/210616ChiA/D21-217081-5164T/210616ChiA_D21-217081_2_sequence.fastq
5T5	$PWD/../data/Blactam_16s_data/210616ChiA/D21-217082-5164T/210616ChiA_D21-217082_1_sequence.fastq	$PWD/../data/Blactam_16s_data/210616ChiA/D21-217082-5164T/210616ChiA_D21-217082_2_sequence.fastq
6T5	$PWD/../data/Blactam_16s_data/210616ChiA/D21-217083-5164T/210616ChiA_D21-217083_1_sequence.fastq	$PWD/../data/Blactam_16s_data/210616ChiA/D21-217083-5164T/210616ChiA_D21-217083_2_sequence.fastq
7T5	$PWD/../data/Blactam_16s_data/210616ChiA/D21-217084-5164T/210616ChiA_D21-217084_1_sequence.fastq	$PWD/../data/Blactam_16s_data/210616ChiA/D21-217084-5164T/210616ChiA_D21-217084_2_sequence.fastq
9T5	$PWD/../data/Blactam_16s_data/210616ChiA/D21-217085-5164T/210616ChiA_D21-217085_1_sequence.fastq	$PWD/../data/Blactam_16s_data/210616ChiA/D21-217085-5164T/210616ChiA_D21-217085_2_sequence.fastq
10T5	$PWD/../data/Blactam_16s_data/210616ChiA/D21-217086-5164T/210616ChiA_D21-217086_1_sequence.fastq	$PWD/../data/Blactam_16s_data/210616ChiA/D21-217086-5164T/210616ChiA_D21-217086_2_sequence.fastq
11T5	$PWD/../data/Blactam_16s_data/210616ChiA/D21-217087-5164T/210616ChiA_D21-217087_1_sequence.fastq	$PWD/../data/Blactam_16s_data/210616ChiA/D21-217087-5164T/210616ChiA_D21-217087_2_sequence.fastq
12T5	$PWD/../data/Blactam_16s_data/210616ChiA/D21-217088-5164T/210616ChiA_D21-217088_1_sequence.fastq	$PWD/../data/Blactam_16s_data/210616ChiA/D21-217088-5164T/210616ChiA_D21-217088_2_sequence.fastq
13T5	$PWD/../data/Blactam_16s_data/210616ChiA/D21-217089-5164T/210616ChiA_D21-217089_1_sequence.fastq	$PWD/../data/Blactam_16s_data/210616ChiA/D21-217089-5164T/210616ChiA_D21-217089_2_sequence.fastq
14T5	$PWD/../data/Blactam_16s_data/210616ChiA/D21-217090-5164T/210616ChiA_D21-217090_1_sequence.fastq	$PWD/../data/Blactam_16s_data/210616ChiA/D21-217090-5164T/210616ChiA_D21-217090_2_sequence.fastq
15T5	$PWD/../data/Blactam_16s_data/210616ChiA/D21-217091-5163T/210616ChiA_D21-217091_1_sequence.fastq	$PWD/../data/Blactam_16s_data/210616ChiA/D21-217091-5163T/210616ChiA_D21-217091_2_sequence.fastq
16T5	$PWD/../data/Blactam_16s_data/210616ChiA/D21-217092-5163T/210616ChiA_D21-217092_1_sequence.fastq	$PWD/../data/Blactam_16s_data/210616ChiA/D21-217092-5163T/210616ChiA_D21-217092_2_sequence.fastq
17T5	$PWD/../data/Blactam_16s_data/210616ChiA/D21-217093-5163T/210616ChiA_D21-217093_1_sequence.fastq	$PWD/../data/Blactam_16s_data/210616ChiA/D21-217093-5163T/210616ChiA_D21-217093_2_sequence.fastq
18T5	$PWD/../data/Blactam_16s_data/210616ChiA/D21-217094-5163T/210616ChiA_D21-217094_1_sequence.fastq	$PWD/../data/Blactam_16s_data/210616ChiA/D21-217094-5163T/210616ChiA_D21-217094_2_sequence.fastq
19T5	$PWD/../data/Blactam_16s_data/210616ChiA/D21-217095-5163T/210616ChiA_D21-217095_1_sequence.fastq	$PWD/../data/Blactam_16s_data/210616ChiA/D21-217095-5163T/210616ChiA_D21-217095_2_sequence.fastq
20T5	$PWD/../data/Blactam_16s_data/210616ChiA/D21-217096-5163T/210616ChiA_D21-217096_1_sequence.fastq	$PWD/../data/Blactam_16s_data/210616ChiA/D21-217096-5163T/210616ChiA_D21-217096_2_sequence.fastq
1T7	$PWD/../data/Blactam_16s_data/210616ChiA/D21-217097-5163T/210616ChiA_D21-217097_1_sequence.fastq	$PWD/../data/Blactam_16s_data/210616ChiA/D21-217097-5163T/210616ChiA_D21-217097_2_sequence.fastq
2T7	$PWD/../data/Blactam_16s_data/210616ChiA/D21-217098-5163T/210616ChiA_D21-217098_1_sequence.fastq	$PWD/../data/Blactam_16s_data/210616ChiA/D21-217098-5163T/210616ChiA_D21-217098_2_sequence.fastq
4T7	$PWD/../data/Blactam_16s_data/210616ChiA/D21-217099-5163T/210616ChiA_D21-217099_1_sequence.fastq	$PWD/../data/Blactam_16s_data/210616ChiA/D21-217099-5163T/210616ChiA_D21-217099_2_sequence.fastq
5T7	$PWD/../data/Blactam_16s_data/210616ChiA/D21-217100-5163T/210616ChiA_D21-217100_1_sequence.fastq	$PWD/../data/Blactam_16s_data/210616ChiA/D21-217100-5163T/210616ChiA_D21-217100_2_sequence.fastq
6T7	$PWD/../data/Blactam_16s_data/210616ChiA/D21-217101-5163T/210616ChiA_D21-217101_1_sequence.fastq	$PWD/../data/Blactam_16s_data/210616ChiA/D21-217101-5163T/210616ChiA_D21-217101_2_sequence.fastq
7T7	$PWD/../data/Blactam_16s_data/210616ChiA/D21-217102-5163T/210616ChiA_D21-217102_1_sequence.fastq	$PWD/../data/Blactam_16s_data/210616ChiA/D21-217102-5163T/210616ChiA_D21-217102_2_sequence.fastq
9T7	$PWD/../data/Blactam_16s_data/210616ChiA/D21-217103-5163T/210616ChiA_D21-217103_1_sequence.fastq	$PWD/../data/Blactam_16s_data/210616ChiA/D21-217103-5163T/210616ChiA_D21-217103_2_sequence.fastq
10T7	$PWD/../data/Blactam_16s_data/210616ChiA/D21-217104-5163T/210616ChiA_D21-217104_1_sequence.fastq	$PWD/../data/Blactam_16s_data/210616ChiA/D21-217104-5163T/210616ChiA_D21-217104_2_sequence.fastq
11T7	$PWD/../data/Blactam_16s_data/210616ChiA/D21-217105-5163T/210616ChiA_D21-217105_1_sequence.fastq	$PWD/../data/Blactam_16s_data/210616ChiA/D21-217105-5163T/210616ChiA_D21-217105_2_sequence.fastq
12T7	$PWD/../data/Blactam_16s_data/210616ChiA/D21-217106-5163T/210616ChiA_D21-217106_1_sequence.fastq	$PWD/../data/Blactam_16s_data/210616ChiA/D21-217106-5163T/210616ChiA_D21-217106_2_sequence.fastq
13T7	$PWD/../data/Blactam_16s_data/210616ChiA/D21-217107-5163T/210616ChiA_D21-217107_1_sequence.fastq	$PWD/../data/Blactam_16s_data/210616ChiA/D21-217107-5163T/210616ChiA_D21-217107_2_sequence.fastq
14T7	$PWD/../data/Blactam_16s_data/210616ChiA/D21-217108-5163T/210616ChiA_D21-217108_1_sequence.fastq	$PWD/../data/Blactam_16s_data/210616ChiA/D21-217108-5163T/210616ChiA_D21-217108_2_sequence.fastq
15T7	$PWD/../data/Blactam_16s_data/210616ChiA/D21-217109-5163T/210616ChiA_D21-217109_1_sequence.fastq	$PWD/../data/Blactam_16s_data/210616ChiA/D21-217109-5163T/210616ChiA_D21-217109_2_sequence.fastq
16T7	$PWD/../data/Blactam_16s_data/210616ChiA/D21-217110-5163T/210616ChiA_D21-217110_1_sequence.fastq	$PWD/../data/Blactam_16s_data/210616ChiA/D21-217110-5163T/210616ChiA_D21-217110_2_sequence.fastq
17T7	$PWD/../data/Blactam_16s_data/210616ChiA/D21-217111-5163T/210616ChiA_D21-217111_1_sequence.fastq	$PWD/../data/Blactam_16s_data/210616ChiA/D21-217111-5163T/210616ChiA_D21-217111_2_sequence.fastq
18T7	$PWD/../data/Blactam_16s_data/210616ChiA/D21-217112-5163T/210616ChiA_D21-217112_1_sequence.fastq	$PWD/../data/Blactam_16s_data/210616ChiA/D21-217112-5163T/210616ChiA_D21-217112_2_sequence.fastq
19T7	$PWD/../data/Blactam_16s_data/210616ChiA/D21-217113-5163T/210616ChiA_D21-217113_1_sequence.fastq	$PWD/../data/Blactam_16s_data/210616ChiA/D21-217113-5163T/210616ChiA_D21-217113_2_sequence.fastq
20T7	$PWD/../data/Blactam_16s_data/210616ChiA/D21-217114-5163T/210616ChiA_D21-217114_1_sequence.fastq	$PWD/../data/Blactam_16s_data/210616ChiA/D21-217114-5163T/210616ChiA_D21-217114_2_sequence.fastq
1T9	$PWD/../data/Blactam_16s_data/210616ChiA/D21-217115-5163T/210616ChiA_D21-217115_1_sequence.fastq	$PWD/../data/Blactam_16s_data/210616ChiA/D21-217115-5163T/210616ChiA_D21-217115_2_sequence.fastq
2T9	$PWD/../data/Blactam_16s_data/210616ChiA/D21-217116-5163T/210616ChiA_D21-217116_1_sequence.fastq	$PWD/../data/Blactam_16s_data/210616ChiA/D21-217116-5163T/210616ChiA_D21-217116_2_sequence.fastq
4T9	$PWD/../data/Blactam_16s_data/210616ChiA/D21-217117-5163T/210616ChiA_D21-217117_1_sequence.fastq	$PWD/../data/Blactam_16s_data/210616ChiA/D21-217117-5163T/210616ChiA_D21-217117_2_sequence.fastq
5T9	$PWD/../data/Blactam_16s_data/210616ChiA/D21-217118-5163T/210616ChiA_D21-217118_1_sequence.fastq	$PWD/../data/Blactam_16s_data/210616ChiA/D21-217118-5163T/210616ChiA_D21-217118_2_sequence.fastq
6T9	$PWD/../data/Blactam_16s_data/210616ChiA/D21-217119-5163T/210616ChiA_D21-217119_1_sequence.fastq	$PWD/../data/Blactam_16s_data/210616ChiA/D21-217119-5163T/210616ChiA_D21-217119_2_sequence.fastq
7T9	$PWD/../data/Blactam_16s_data/210616ChiA/D21-217120-5163T/210616ChiA_D21-217120_1_sequence.fastq	$PWD/../data/Blactam_16s_data/210616ChiA/D21-217120-5163T/210616ChiA_D21-217120_2_sequence.fastq
9T9	$PWD/../data/Blactam_16s_data/210616ChiA/D21-217121-5163T/210616ChiA_D21-217121_1_sequence.fastq	$PWD/../data/Blactam_16s_data/210616ChiA/D21-217121-5163T/210616ChiA_D21-217121_2_sequence.fastq
10T9	$PWD/../data/Blactam_16s_data/210616ChiA/D21-217122-5163T/210616ChiA_D21-217122_1_sequence.fastq	$PWD/../data/Blactam_16s_data/210616ChiA/D21-217122-5163T/210616ChiA_D21-217122_2_sequence.fastq
11T9	$PWD/../data/Blactam_16s_data/210616ChiA/D21-217123-5163T/210616ChiA_D21-217123_1_sequence.fastq	$PWD/../data/Blactam_16s_data/210616ChiA/D21-217123-5163T/210616ChiA_D21-217123_2_sequence.fastq
12T9	$PWD/../data/Blactam_16s_data/210616ChiA/D21-217124-5163T/210616ChiA_D21-217124_1_sequence.fastq	$PWD/../data/Blactam_16s_data/210616ChiA/D21-217124-5163T/210616ChiA_D21-217124_2_sequence.fastq
13T9	$PWD/../data/Blactam_16s_data/210616ChiA/D21-217125-5163T/210616ChiA_D21-217125_1_sequence.fastq	$PWD/../data/Blactam_16s_data/210616ChiA/D21-217125-5163T/210616ChiA_D21-217125_2_sequence.fastq
14T9	$PWD/../data/Blactam_16s_data/210616ChiA/D21-217126-5163T/210616ChiA_D21-217126_1_sequence.fastq	$PWD/../data/Blactam_16s_data/210616ChiA/D21-217126-5163T/210616ChiA_D21-217126_2_sequence.fastq
15T9	$PWD/../data/Blactam_16s_data/210616ChiA/D21-217127-5163T/210616ChiA_D21-217127_1_sequence.fastq	$PWD/../data/Blactam_16s_data/210616ChiA/D21-217127-5163T/210616ChiA_D21-217127_2_sequence.fastq
16T9	$PWD/../data/Blactam_16s_data/210616ChiA/D21-217128-5163T/210616ChiA_D21-217128_1_sequence.fastq	$PWD/../data/Blactam_16s_data/210616ChiA/D21-217128-5163T/210616ChiA_D21-217128_2_sequence.fastq
17T9	$PWD/../data/Blactam_16s_data/210616ChiA/D21-217129-5163T/210616ChiA_D21-217129_1_sequence.fastq	$PWD/../data/Blactam_16s_data/210616ChiA/D21-217129-5163T/210616ChiA_D21-217129_2_sequence.fastq
18T9	$PWD/../data/Blactam_16s_data/210616ChiA/D21-217130-5163T/210616ChiA_D21-217130_1_sequence.fastq	$PWD/../data/Blactam_16s_data/210616ChiA/D21-217130-5163T/210616ChiA_D21-217130_2_sequence.fastq
19T9	$PWD/../data/Blactam_16s_data/210616ChiA/D21-217131-5163T/210616ChiA_D21-217131_1_sequence.fastq	$PWD/../data/Blactam_16s_data/210616ChiA/D21-217131-5163T/210616ChiA_D21-217131_2_sequence.fastq
20T9	$PWD/../data/Blactam_16s_data/210616ChiA/D21-217132-5163T/210616ChiA_D21-217132_1_sequence.fastq	$PWD/../data/Blactam_16s_data/210616ChiA/D21-217132-5163T/210616ChiA_D21-217132_2_sequence.fastq
1T12	$PWD/../data/Blactam_16s_data/210616ChiA/D21-217133-5163T/210616ChiA_D21-217133_1_sequence.fastq	$PWD/../data/Blactam_16s_data/210616ChiA/D21-217133-5163T/210616ChiA_D21-217133_2_sequence.fastq
2T12	$PWD/../data/Blactam_16s_data/210616ChiA/D21-217134-5163T/210616ChiA_D21-217134_1_sequence.fastq	$PWD/../data/Blactam_16s_data/210616ChiA/D21-217134-5163T/210616ChiA_D21-217134_2_sequence.fastq
4T12	$PWD/../data/Blactam_16s_data/210616ChiA/D21-217135-5163T/210616ChiA_D21-217135_1_sequence.fastq	$PWD/../data/Blactam_16s_data/210616ChiA/D21-217135-5163T/210616ChiA_D21-217135_2_sequence.fastq
5T12	$PWD/../data/Blactam_16s_data/210616ChiA/D21-217136-5163T/210616ChiA_D21-217136_1_sequence.fastq	$PWD/../data/Blactam_16s_data/210616ChiA/D21-217136-5163T/210616ChiA_D21-217136_2_sequence.fastq
6T12	$PWD/../data/Blactam_16s_data/210616ChiA/D21-217137-5163T/210616ChiA_D21-217137_1_sequence.fastq	$PWD/../data/Blactam_16s_data/210616ChiA/D21-217137-5163T/210616ChiA_D21-217137_2_sequence.fastq
7T12	$PWD/../data/Blactam_16s_data/210616ChiA/D21-217138-5163T/210616ChiA_D21-217138_1_sequence.fastq	$PWD/../data/Blactam_16s_data/210616ChiA/D21-217138-5163T/210616ChiA_D21-217138_2_sequence.fastq
9T12	$PWD/../data/Blactam_16s_data/210616ChiA/D21-217139-5163T/210616ChiA_D21-217139_1_sequence.fastq	$PWD/../data/Blactam_16s_data/210616ChiA/D21-217139-5163T/210616ChiA_D21-217139_2_sequence.fastq
10T12	$PWD/../data/Blactam_16s_data/210616ChiA/D21-217140-5163T/210616ChiA_D21-217140_1_sequence.fastq	$PWD/../data/Blactam_16s_data/210616ChiA/D21-217140-5163T/210616ChiA_D21-217140_2_sequence.fastq
11T12	$PWD/../data/Blactam_16s_data/210616ChiA/D21-217141-5163T/210616ChiA_D21-217141_1_sequence.fastq	$PWD/../data/Blactam_16s_data/210616ChiA/D21-217141-5163T/210616ChiA_D21-217141_2_sequence.fastq
12T12	$PWD/../data/Blactam_16s_data/210616ChiA/D21-217142-5163T/210616ChiA_D21-217142_1_sequence.fastq	$PWD/../data/Blactam_16s_data/210616ChiA/D21-217142-5163T/210616ChiA_D21-217142_2_sequence.fastq
13T12	$PWD/../data/Blactam_16s_data/210616ChiA/D21-217143-5163T/210616ChiA_D21-217143_1_sequence.fastq	$PWD/../data/Blactam_16s_data/210616ChiA/D21-217143-5163T/210616ChiA_D21-217143_2_sequence.fastq
14T12	$PWD/../data/Blactam_16s_data/210616ChiA/D21-217144-5163T/210616ChiA_D21-217144_1_sequence.fastq	$PWD/../data/Blactam_16s_data/210616ChiA/D21-217144-5163T/210616ChiA_D21-217144_2_sequence.fastq
15T12	$PWD/../data/Blactam_16s_data/210616ChiA/D21-217145-5163T/210616ChiA_D21-217145_1_sequence.fastq	$PWD/../data/Blactam_16s_data/210616ChiA/D21-217145-5163T/210616ChiA_D21-217145_2_sequence.fastq
16T12	$PWD/../data/Blactam_16s_data/210616ChiA/D21-217146-5163T/210616ChiA_D21-217146_1_sequence.fastq	$PWD/../data/Blactam_16s_data/210616ChiA/D21-217146-5163T/210616ChiA_D21-217146_2_sequence.fastq
17T12	$PWD/../data/Blactam_16s_data/210616ChiA/D21-217147-5163T/210616ChiA_D21-217147_1_sequence.fastq	$PWD/../data/Blactam_16s_data/210616ChiA/D21-217147-5163T/210616ChiA_D21-217147_2_sequence.fastq
18T12	$PWD/../data/Blactam_16s_data/210616ChiA/D21-217148-5163T/210616ChiA_D21-217148_1_sequence.fastq	$PWD/../data/Blactam_16s_data/210616ChiA/D21-217148-5163T/210616ChiA_D21-217148_2_sequence.fastq
19T12	$PWD/../data/Blactam_16s_data/210616ChiA/D21-217149-5163T/210616ChiA_D21-217149_1_sequence.fastq	$PWD/../data/Blactam_16s_data/210616ChiA/D21-217149-5163T/210616ChiA_D21-217149_2_sequence.fastq
20T12	$PWD/../data/Blactam_16s_data/210616ChiA/D21-217150-5163T/210616ChiA_D21-217150_1_sequence.fastq	$PWD/../data/Blactam_16s_data/210616ChiA/D21-217150-5163T/210616ChiA_D21-217150_2_sequence.fastq
1L1	$PWD/../data/Blactam_16s_data/210616ChiA/D21-217151-5163T/210616ChiA_D21-217151_1_sequence.fastq	$PWD/../data/Blactam_16s_data/210616ChiA/D21-217151-5163T/210616ChiA_D21-217151_2_sequence.fastq
2L1	$PWD/../data/Blactam_16s_data/210616ChiA/D21-217152-5163T/210616ChiA_D21-217152_1_sequence.fastq	$PWD/../data/Blactam_16s_data/210616ChiA/D21-217152-5163T/210616ChiA_D21-217152_2_sequence.fastq
3L1	$PWD/../data/Blactam_16s_data/210616ChiA/D21-217153-5163T/210616ChiA_D21-217153_1_sequence.fastq	$PWD/../data/Blactam_16s_data/210616ChiA/D21-217153-5163T/210616ChiA_D21-217153_2_sequence.fastq
4L1	$PWD/../data/Blactam_16s_data/210616ChiA/D21-217154-5163T/210616ChiA_D21-217154_1_sequence.fastq	$PWD/../data/Blactam_16s_data/210616ChiA/D21-217154-5163T/210616ChiA_D21-217154_2_sequence.fastq
5L1	$PWD/../data/Blactam_16s_data/210616ChiA/D21-217155-5163T/210616ChiA_D21-217155_1_sequence.fastq	$PWD/../data/Blactam_16s_data/210616ChiA/D21-217155-5163T/210616ChiA_D21-217155_2_sequence.fastq
6L1	$PWD/../data/Blactam_16s_data/210616ChiA/D21-217156-5163T/210616ChiA_D21-217156_1_sequence.fastq	$PWD/../data/Blactam_16s_data/210616ChiA/D21-217156-5163T/210616ChiA_D21-217156_2_sequence.fastq
7L1	$PWD/../data/Blactam_16s_data/210616ChiA/D21-217157-5163T/210616ChiA_D21-217157_1_sequence.fastq	$PWD/../data/Blactam_16s_data/210616ChiA/D21-217157-5163T/210616ChiA_D21-217157_2_sequence.fastq
8L1	$PWD/../data/Blactam_16s_data/210616ChiA/D21-217158-5163T/210616ChiA_D21-217158_1_sequence.fastq	$PWD/../data/Blactam_16s_data/210616ChiA/D21-217158-5163T/210616ChiA_D21-217158_2_sequence.fastq
9L1	$PWD/../data/Blactam_16s_data/210616ChiA/D21-217159-5163T/210616ChiA_D21-217159_1_sequence.fastq	$PWD/../data/Blactam_16s_data/210616ChiA/D21-217159-5163T/210616ChiA_D21-217159_2_sequence.fastq
10L1	$PWD/../data/Blactam_16s_data/210616ChiA/D21-217160-5163T/210616ChiA_D21-217160_1_sequence.fastq	$PWD/../data/Blactam_16s_data/210616ChiA/D21-217160-5163T/210616ChiA_D21-217160_2_sequence.fastq
1L2	$PWD/../data/Blactam_16s_data/210616ChiA/D21-217161-5163T/210616ChiA_D21-217161_1_sequence.fastq	$PWD/../data/Blactam_16s_data/210616ChiA/D21-217161-5163T/210616ChiA_D21-217161_2_sequence.fastq
2L2	$PWD/../data/Blactam_16s_data/210616ChiA/D21-217162-5163T/210616ChiA_D21-217162_1_sequence.fastq	$PWD/../data/Blactam_16s_data/210616ChiA/D21-217162-5163T/210616ChiA_D21-217162_2_sequence.fastq
3L2	$PWD/../data/Blactam_16s_data/210616ChiA/D21-217163-5163T/210616ChiA_D21-217163_1_sequence.fastq	$PWD/../data/Blactam_16s_data/210616ChiA/D21-217163-5163T/210616ChiA_D21-217163_2_sequence.fastq
4L2	$PWD/../data/Blactam_16s_data/210616ChiA/D21-217164-5163T/210616ChiA_D21-217164_1_sequence.fastq	$PWD/../data/Blactam_16s_data/210616ChiA/D21-217164-5163T/210616ChiA_D21-217164_2_sequence.fastq
5L2	$PWD/../data/Blactam_16s_data/210616ChiA/D21-217165-5163T/210616ChiA_D21-217165_1_sequence.fastq	$PWD/../data/Blactam_16s_data/210616ChiA/D21-217165-5163T/210616ChiA_D21-217165_2_sequence.fastq
6L2	$PWD/../data/Blactam_16s_data/210616ChiA/D21-217166-5163T/210616ChiA_D21-217166_1_sequence.fastq	$PWD/../data/Blactam_16s_data/210616ChiA/D21-217166-5163T/210616ChiA_D21-217166_2_sequence.fastq
7L2	$PWD/../data/Blactam_16s_data/210616ChiA/D21-217167-5163T/210616ChiA_D21-217167_1_sequence.fastq	$PWD/../data/Blactam_16s_data/210616ChiA/D21-217167-5163T/210616ChiA_D21-217167_2_sequence.fastq
8L2	$PWD/../data/Blactam_16s_data/210616ChiA/D21-217168-5163T/210616ChiA_D21-217168_1_sequence.fastq	$PWD/../data/Blactam_16s_data/210616ChiA/D21-217168-5163T/210616ChiA_D21-217168_2_sequence.fastq
9L2	$PWD/../data/Blactam_16s_data/210616ChiA/D21-217169-5163T/210616ChiA_D21-217169_1_sequence.fastq	$PWD/../data/Blactam_16s_data/210616ChiA/D21-217169-5163T/210616ChiA_D21-217169_2_sequence.fastq
10L2	$PWD/../data/Blactam_16s_data/210616ChiA/D21-217170-5163T/210616ChiA_D21-217170_1_sequence.fastq	$PWD/../data/Blactam_16s_data/210616ChiA/D21-217170-5163T/210616ChiA_D21-217170_2_sequence.fastq
1L3	$PWD/../data/Blactam_16s_data/210616ChiA/D21-217171-5163T/210616ChiA_D21-217171_1_sequence.fastq	$PWD/../data/Blactam_16s_data/210616ChiA/D21-217171-5163T/210616ChiA_D21-217171_2_sequence.fastq
2L3	$PWD/../data/Blactam_16s_data/210616ChiA/D21-217172-5163T/210616ChiA_D21-217172_1_sequence.fastq	$PWD/../data/Blactam_16s_data/210616ChiA/D21-217172-5163T/210616ChiA_D21-217172_2_sequence.fastq
3L3	$PWD/../data/Blactam_16s_data/210616ChiA/D21-217173-5163T/210616ChiA_D21-217173_1_sequence.fastq	$PWD/../data/Blactam_16s_data/210616ChiA/D21-217173-5163T/210616ChiA_D21-217173_2_sequence.fastq
4L3	$PWD/../data/Blactam_16s_data/210616ChiA/D21-217174-5163T/210616ChiA_D21-217174_1_sequence.fastq	$PWD/../data/Blactam_16s_data/210616ChiA/D21-217174-5163T/210616ChiA_D21-217174_2_sequence.fastq
5L3	$PWD/../data/Blactam_16s_data/210616ChiA/D21-217175-5163T/210616ChiA_D21-217175_1_sequence.fastq	$PWD/../data/Blactam_16s_data/210616ChiA/D21-217175-5163T/210616ChiA_D21-217175_2_sequence.fastq
6L3	$PWD/../data/Blactam_16s_data/210616ChiA/D21-217176-5163T/210616ChiA_D21-217176_1_sequence.fastq	$PWD/../data/Blactam_16s_data/210616ChiA/D21-217176-5163T/210616ChiA_D21-217176_2_sequence.fastq
7L3	$PWD/../data/Blactam_16s_data/210616ChiA/D21-217177-5163T/210616ChiA_D21-217177_1_sequence.fastq	$PWD/../data/Blactam_16s_data/210616ChiA/D21-217177-5163T/210616ChiA_D21-217177_2_sequence.fastq
8L3	$PWD/../data/Blactam_16s_data/210616ChiA/D21-217178-5163T/210616ChiA_D21-217178_1_sequence.fastq	$PWD/../data/Blactam_16s_data/210616ChiA/D21-217178-5163T/210616ChiA_D21-217178_2_sequence.fastq
9L3	$PWD/../data/Blactam_16s_data/210616ChiA/D21-217179-5163T/210616ChiA_D21-217179_1_sequence.fastq	$PWD/../data/Blactam_16s_data/210616ChiA/D21-217179-5163T/210616ChiA_D21-217179_2_sequence.fastq
10L3	$PWD/../data/Blactam_16s_data/210616ChiA/D21-217180-5163T/210616ChiA_D21-217180_1_sequence.fastq	$PWD/../data/Blactam_16s_data/210616ChiA/D21-217180-5163T/210616ChiA_D21-217180_2_sequence.fastq
